True Price,Image Prediction,Metadata Prediction,Text Prediction,Simple Fusion Prediction,Attention Fusion Prediction
1275.0,3100.8794,0.027860375,0.045018546,1094.3292,518.08594
680.00006,215.5408,0.46498194,0.059956536,221.1109,560.65204
9499.997,6086.2524,1.1536732,0.045018546,2261.985,2975.9934
4999.9995,556.9803,1.2789595,0.080270074,4600.174,1890.0005
800.0001,453.89502,0.5525439,0.045018546,539.9309,1322.2299
15000.004,2863.6084,0.6552781,0.054329704,4321.6997,2859.9023
1275.0,14.635212,0.6117121,0.1443012,112.663795,117.75034
800.0001,10286.842,0.12598923,0.1443012,6047.8213,10360.433
9350.004,498.7052,0.80464745,0.10851838,1050.9067,1555.8162
1499.9998,842.58435,0.12060964,0.045018546,349.99356,1110.0958
1275.0,96.05662,1.0332458,0.1443012,211.34584,288.82968
900.0001,260.77988,0.44484055,0.063101985,370.14084,1062.4464
800.0001,985.1527,0.27002513,0.044999786,2864.3408,2846.715
680.00006,856.44196,0.62712085,0.045018546,1131.6338,1442.0837
800.0001,3723.2935,0.41312262,0.045018546,3866.1497,2676.2915
4500.0005,149.79073,0.5080024,0.09341566,413.43198,321.00702
8000.0005,2.5368319,0.1297391,0.09906169,12.337225,48.546917
4999.9995,2628.8972,-0.040883146,0.045018546,2837.4153,6800.4824
7499.999,0.21488732,0.7410456,0.05550508,13.795747,24.847126
5999.9995,540.1657,0.9429679,0.06740646,791.1134,1257.2708
4999.9995,44995.51,0.08960111,0.09490797,18966.404,10602.6875
7000.001,129.92657,0.56233144,0.045018546,214.4278,317.44284
15000.004,37.68895,0.3678669,0.070619084,127.13301,218.81296
4999.9995,785.6525,0.32162392,0.045018546,1953.3318,1168.9824
800.0001,0.99247503,0.58453035,0.1443012,1.8914106,6.1521263
800.0001,1449.7883,0.12645747,0.092099145,2307.051,5729.8647
1275.0,936.81537,0.92851496,0.089376956,1036.5132,921.2058
5999.9995,141.60645,0.23685561,0.045018546,415.6389,678.04126
680.00006,32.03972,0.118375584,0.0738647,159.33865,189.61453
2499.9995,3.9344697,0.83187807,0.045018546,12.058321,29.165321
15000.004,206.06822,0.67521477,0.045018546,61.284252,187.79723
1999.9999,196.17863,0.8818455,0.07823222,439.70557,597.7283
8000.0005,510.74225,-0.0011038122,0.045018546,463.37604,2628.7532
1800.0004,95.921295,0.15395689,0.08550841,65.60033,137.26584
680.00006,649.2497,0.44991666,0.045018546,580.3465,952.74365
1499.9998,869.36804,0.055088747,0.06635696,1163.1586,1016.89764
28499.994,14334.533,0.46078318,0.07474676,14450.675,6019.8276
4999.9995,494.35968,0.99958265,0.08549993,608.669,1568.2104
595.0,5.608447,-0.09157813,0.1443012,6.7821727,32.682327
1275.0,268.63257,0.94332945,0.045018546,586.80383,870.29193
2499.9995,1.1095872,0.76655185,0.11356514,5.631383,39.92399
800.0001,316.4813,-0.048365667,0.049519744,259.25757,409.79764
32000.01,656.9005,0.11259522,0.072977506,1237.4766,1354.4125
800.0001,40485.566,0.47164872,0.045018546,8658.299,4535.2676
800.0001,94.495865,0.3259654,0.1443012,177.50551,280.33493
2999.999,89.77758,0.21378389,0.045018546,64.74066,49.828392
1499.9998,1171.3145,0.1823052,0.08887836,3136.309,3784.299
800.0001,88.79592,0.8328395,0.07914456,80.5179,234.27586
39999.996,67.16118,-0.04780436,0.045018546,121.34474,139.4497
800.0001,729.4577,0.84308934,0.045018546,717.65137,1242.5972
1999.9999,2214.1606,0.47650686,0.10878368,1651.7546,2614.6377
1499.9998,2018.4114,0.45033136,0.045018546,473.55447,1485.6588
3550.0015,2.164411,0.13615254,0.106131315,7.1614122,9.049684
680.00006,22.013083,0.27832127,0.08337093,38.867393,78.68807
5999.9995,439.62656,1.0228207,0.033975933,286.58228,475.54858
1499.9998,3.9446926,0.009769038,0.06966698,7.767247,44.49154
680.00006,1299.0319,0.63374245,0.073637836,2717.2952,2250.8743
1499.9998,26.871563,0.6139152,0.08507574,81.83089,103.82825
2999.999,32.586514,0.3689933,0.045018546,61.808952,214.17279
9499.997,13698.492,0.2905717,0.056046244,21127.797,12954.25
800.0001,9.37484,0.12543783,0.045018546,34.28945,57.52186
13999.994,19.768957,0.8797786,0.07389096,118.7501,70.91385
5100.0024,37.298668,1.0276883,0.07688058,123.23122,460.05386
2999.999,309.23764,0.11724342,0.09985458,904.0775,790.7384
2999.999,18.68593,0.8980961,0.05497387,16.116106,54.554314
1499.9998,211.06293,-0.018601656,0.10144099,234.65547,590.95264
11999.997,1049.9843,0.5451858,0.05479763,1916.7786,4052.4414
6500.003,79.70369,0.8261374,0.05692102,51.747208,267.39868
800.0001,792.0669,0.22361064,0.070891164,2812.0544,1677.6001
2999.999,82.82905,0.5061873,0.08125213,148.37305,172.79866
1499.9998,393.85608,0.42084923,0.10715535,1355.678,1842.5085
75000.016,32241.342,0.05569584,0.06815858,14688.633,18366.541
5500.0,4293.639,0.026800787,0.10951051,3559.1804,3195.6924
800.0001,4035.5337,0.2389661,0.060897093,6417.227,4321.914
22499.99,5978.348,0.96366465,0.07110852,5271.4956,11317.418
800.0001,1956.5793,-0.018887913,0.045018546,2538.2085,1897.2015
2999.999,75.766685,0.37393358,0.09643654,168.53664,419.53522
16000.001,61.199516,0.7042686,0.07189776,271.28015,990.39984
800.0001,33.2418,-0.103770964,0.06733148,22.478687,102.32461
7000.001,34.486847,0.77594566,0.050522316,44.31914,143.3613
4999.9995,31.498325,0.7155224,0.045018546,49.823776,219.20593
1499.9998,647.64215,0.5350411,0.1443012,983.8182,753.2769
4000.002,1043.8092,0.09446574,0.07184137,1304.1997,1163.8354
800.0001,25.09107,0.50292313,0.09568733,66.73757,195.43669
7000.001,228.19391,0.43953186,0.07334337,473.35312,975.13995
3499.9995,708.9477,0.62682545,0.11073257,381.7215,627.8165
5999.9995,69.370705,1.3977625,0.06445835,48.149303,364.57748
680.00006,237.70996,0.029428763,0.045018546,223.98415,719.22705
1275.0,2827.0881,0.07649871,0.08616134,2310.2603,3037.1177
5999.9995,4.56624,0.3357185,0.040146966,20.044123,83.43667
680.00006,120.78864,0.41280127,0.089376956,1374.0022,687.9503
680.00006,17.928772,0.552217,0.05498269,97.87952,219.72443
1499.9998,14.451947,0.057182483,0.06318959,34.802013,92.44126
7000.001,166.25621,0.42981568,0.0806527,268.4732,616.7516
39999.996,3158.1455,0.23822159,0.06503775,1906.7948,4740.964
23999.998,4722.5176,1.0328422,0.07500435,8460.24,6685.7183
4999.9995,20.954987,0.831442,0.055901352,73.60426,267.29428
800.0001,57556.066,0.09135718,0.062143203,58370.145,14522.368
1999.9999,722.9401,0.11388179,0.08311207,754.4529,707.2523
1499.9998,1368.3646,0.68768513,0.1443012,2395.5215,2818.276
8000.0005,6.161152,0.34887558,0.05656698,16.243862,37.76773
3495.0017,5.060249,0.47789147,0.08145331,11.978702,44.13937
680.00006,1301.9686,0.43153784,0.1443012,1634.2452,2856.0715
3075.0002,3.3222713,-0.049624808,0.07191844,6.9355884,25.934877
4000.002,591.5994,0.5986482,0.09127784,493.07898,490.3733
7960.003,61.9421,0.41399923,0.1443012,637.75916,338.65518
800.0001,110386.12,1.2132113,0.05764758,137086.78,25559.969
4000.002,1376.6017,0.71731174,0.11946612,1391.1924,2885.8735
680.00006,39.65141,0.54612815,0.061900888,92.682396,26.833626
20000.004,6.2153735,0.6692172,0.045018546,27.405178,62.82294
1999.9999,11.083335,0.47650686,0.09256469,10.458999,38.986073
10000.003,4.4992685,0.013599531,0.060705565,10.253432,34.201035
17999.998,15.368183,0.5512614,0.1443012,69.902916,231.17374
32000.01,143.16367,0.006376649,0.06279065,233.60213,232.29759
1499.9998,5.7011003,-0.0182624,0.0780222,16.209053,60.81093
12999.995,341.06866,0.06964944,0.07544744,979.8384,3007.613
3895.001,74.31168,0.00030438765,0.045018546,67.44342,330.38214
11999.997,15117.831,0.9647616,0.061310314,8299.149,16503.457
3495.0017,20.262117,1.2259648,0.057100803,64.02918,213.48482
